,actual,sarimax_pred,hybrid_pred,err_sarimax,err_hybrid,ae_sarimax,ae_hybrid,ape_hybrid_%
2024-07-25 19:00:00,19.9,19.73583949822487,19.680082128378764,0.16416050177512886,0.21991787162123444,0.16416050177512886,0.21991787162123444,1.1051149327700225
2024-07-25 19:30:00,19.7,19.54952975059047,19.556051044949587,0.1504702494095298,0.14394895505041205,0.1504702494095298,0.14394895505041205,0.730705355585848
2024-07-25 20:00:00,19.0,18.56464308621479,18.65863273413969,0.4353569137852098,0.34136726586030974,0.4353569137852098,0.34136726586030974,1.7966698203174196
2024-07-25 20:30:00,18.9,18.470730977026463,18.54531266715908,0.42926902297353564,0.3546873328409177,0.42926902297353564,0.3546873328409177,1.8766525547138504
2024-07-25 21:00:00,18.2,17.726295851711825,17.91374837661226,0.4737041482881743,0.2862516233877379,0.4737041482881743,0.2862516233877379,1.5728111175150434
2024-07-25 21:30:00,18.2,17.70155004179861,17.9168707481661,0.49844995820139104,0.28312925183389837,0.49844995820139104,0.28312925183389837,1.5556552298565844
2024-07-25 22:00:00,18.2,17.680102955965438,18.06205062237207,0.5198970440345612,0.1379493776279297,0.5198970440345612,0.1379493776279297,0.7579636133402731
2024-07-25 22:30:00,18.3,17.697207271746414,18.069983213833588,0.6027927282535863,0.23001678616641286,0.6027927282535863,0.23001678616641286,1.2569223287782123
2024-07-25 23:00:00,18.5,17.79192091874283,18.11307756952446,0.7080790812571713,0.38692243047553987,0.7080790812571713,0.38692243047553987,2.0914725971650805
2024-07-25 23:30:00,18.7,17.873555190318044,18.224298066847737,0.8264448096819557,0.47570193315226206,0.8264448096819557,0.47570193315226206,2.5438606050923105
2024-07-26 00:00:00,20.4,19.802687043180487,19.95609126411917,0.5973129568195112,0.4439087358808287,0.5973129568195112,0.4439087358808287,2.1760232151021017
2024-07-26 00:30:00,20.3,19.84549564475479,19.767329152471447,0.45450435524520927,0.5326708475285535,0.45450435524520927,0.5326708475285535,2.623994322800756
2024-07-26 01:00:00,20.3,19.946412393492054,19.729647973221134,0.35358760650794707,0.5703520267788669,0.35358760650794707,0.5703520267788669,2.8096158954623984
2024-07-26 01:30:00,20.3,20.13044469935157,19.990468048875115,0.1695553006484296,0.3095319511248853,0.1695553006484296,0.3095319511248853,1.5247879365757895
2024-07-26 02:00:00,20.3,20.319049384231597,20.24853370689872,-0.019049384231596633,0.05146629310128148,0.019049384231596633,0.05146629310128148,0.2535285374447363
2024-07-26 02:30:00,20.4,20.621712983106914,20.53093456522161,-0.22171298310691512,-0.13093456522161162,0.22171298310691512,0.13093456522161162,0.641836104027508
2024-07-26 03:00:00,20.5,20.89379114927639,20.798659535962237,-0.3937911492763888,-0.29865953596223704,0.3937911492763888,0.29865953596223704,1.4568757851816443
2024-07-26 03:30:00,20.7,21.233773903784222,21.15116360956139,-0.5337739037842226,-0.4511636095613909,0.5337739037842226,0.4511636095613909,2.1795343457072023
2024-07-26 04:00:00,20.9,21.555739989551697,21.55405090719087,-0.655739989551698,-0.6540509071908716,0.655739989551698,0.6540509071908716,3.1294301779467544
2024-07-26 04:30:00,21.2,21.955438800158184,21.928666066380423,-0.7554388001581849,-0.7286660663804234,0.7554388001581849,0.7286660663804234,3.437104086700111
2024-07-26 05:00:00,21.4,22.338630327310376,22.342794267281853,-0.9386303273103778,-0.9427942672818546,0.9386303273103778,0.9427942672818546,4.405580688232965
2024-07-26 05:30:00,21.7,22.6846770669857,22.71855445090327,-0.9846770669857001,-1.0185544509032702,0.9846770669857001,1.0185544509032702,4.693799312918296
2024-07-26 06:00:00,22.0,23.07954449621005,23.100373782636357,-1.079544496210051,-1.1003737826363569,1.079544496210051,1.1003737826363569,5.00169901198344
2024-07-26 06:30:00,22.3,23.47859200485542,23.480939637166706,-1.178592004855421,-1.1809396371667056,1.178592004855421,1.1809396371667056,5.295693440209441
2024-07-26 07:00:00,22.7,23.827810373729157,23.85961372089951,-1.127810373729158,-1.159613720899511,1.127810373729158,1.159613720899511,5.108430488544101
2024-07-26 07:30:00,23.0,24.179490531496025,24.14443420868299,-1.1794905314960253,-1.1444342086829913,1.1794905314960253,1.1444342086829913,4.975800907317353
2024-07-26 08:00:00,23.9,25.282821250565657,25.302773039274225,-1.3828212505656587,-1.4027730392742264,1.3828212505656587,1.4027730392742264,5.869343260561617
2024-07-26 08:30:00,24.2,25.55684402051635,25.58331103089519,-1.356844020516352,-1.3833110308951895,1.356844020516352,1.3833110308951895,5.716161284690865
2024-07-26 09:00:00,25.0,26.531579086478615,26.574420159604216,-1.5315790864786152,-1.574420159604216,1.5315790864786152,1.574420159604216,6.297680638416864
2024-07-26 09:30:00,25.3,26.733511613189094,26.754080706714504,-1.4335116131890935,-1.4540807067145032,1.4335116131890935,1.4540807067145032,5.747354571994084
2024-07-26 10:00:00,25.0,26.05798236355236,26.1239842183893,-1.0579823635523589,-1.1239842183892996,1.0579823635523589,1.1239842183892996,4.4959368735571985
2024-07-26 10:30:00,25.3,26.146514646121034,26.242265208967694,-0.8465146461210331,-0.9422652089676937,0.8465146461210331,0.9422652089676937,3.72436841489207
2024-07-26 11:00:00,24.9,25.43046294180972,25.471485045089548,-0.53046294180972,-0.571485045089549,0.53046294180972,0.571485045089549,2.295120663010237
2024-07-26 11:30:00,25.1,25.437702217116325,25.444303133501975,-0.3377022171163233,-0.34430313350197395,0.3377022171163233,0.34430313350197395,1.3717256314819677
2024-07-26 12:00:00,25.8,26.159094561518693,26.14862770929333,-0.3590945615186918,-0.34862770929332854,0.3590945615186918,0.34862770929332854,1.3512701910594127
2024-07-26 12:30:00,25.9,26.106854017262602,26.160733512972737,-0.20685401726260366,-0.26073351297273817,0.20685401726260366,0.26073351297273817,1.0066931002808426
2024-07-26 13:00:00,26.9,26.693445885452675,26.69834499935736,0.2065541145473233,0.20165500064263853,0.2065541145473233,0.20165500064263853,0.7496468425376897
2024-07-26 13:30:00,26.9,26.529830730355602,26.388092926538807,0.37016926964439634,0.5119070734611917,0.37016926964439634,0.5119070734611917,1.903000273089932
2024-07-26 14:00:00,26.2,25.51687824280295,25.323741878581377,0.6831217571970498,0.8762581214186227,0.6831217571970498,0.8762581214186227,3.3444966466359647
2024-07-26 14:30:00,26.0,25.263439315250274,25.274952971255537,0.7365606847497261,0.7250470287444628,0.7365606847497261,0.7250470287444628,2.788642418247934
2024-07-26 15:00:00,24.9,24.28392073720532,24.120991619525725,0.6160792627946776,0.7790083804742736,0.6160792627946776,0.7790083804742736,3.1285477127480865
2024-07-26 15:30:00,24.7,23.983095368697654,23.94241631995083,0.716904631302345,0.7575836800491693,0.716904631302345,0.7575836800491693,3.0671404050573656
2024-07-26 16:00:00,24.5,23.6446695094641,23.592488116556005,0.8553304905358985,0.9075118834439948,0.8553304905358985,0.9075118834439948,3.7041301365061017
2024-07-26 16:30:00,24.3,23.281832785607097,23.283279927941752,1.0181672143929035,1.0167200720582485,1.0181672143929035,1.0167200720582485,4.184033218346702
2024-07-26 17:00:00,24.0,22.950512557920455,22.868356108364104,1.0494874420795455,1.1316438916358962,1.0494874420795455,1.1316438916358962,4.715182881816235
2024-07-26 17:30:00,23.7,22.579954706643683,22.504101627086264,1.1200452933563163,1.1958983729137351,1.1200452933563163,1.1958983729137351,5.045984695838545
2024-07-26 18:00:00,24.2,23.027088188482644,22.959907376123788,1.1729118115173556,1.2400926238762118,1.1729118115173556,1.2400926238762118,5.124349685438892
2024-07-26 18:30:00,23.8,22.644394932075738,22.483816651388405,1.155605067924263,1.3161833486115952,1.155605067924263,1.3161833486115952,5.530182137023509
2024-07-26 19:00:00,24.0,22.951667301852353,22.78518655200685,1.0483326981476466,1.2148134479931514,1.0483326981476466,1.2148134479931514,5.0617226999714635
2024-07-26 19:30:00,23.7,22.636324696300914,22.28875278687327,1.0636753036990854,1.4112472131267282,1.0636753036990854,1.4112472131267282,5.954629591252018
2024-07-26 20:00:00,22.6,21.483760319831916,21.186063908222266,1.1162396801680856,1.4139360917777353,1.1162396801680856,1.4139360917777353,6.256354388397058
2024-07-26 20:30:00,22.3,21.223961372594452,20.997221772293663,1.0760386274055485,1.3027782277063373,1.0760386274055485,1.3027782277063373,5.842054832763845
2024-07-26 21:00:00,21.4,20.349272831814122,20.156128689186406,1.050727168185876,1.2438713108135921,1.050727168185876,1.2438713108135921,5.812482760811179
2024-07-26 21:30:00,21.2,20.175667148339905,20.05420498948113,1.0243328516600947,1.1457950105188708,1.0243328516600947,1.1457950105188708,5.40469344584373
2024-07-26 22:00:00,20.9,20.036734285825606,19.896897140020247,0.8632657141743927,1.0031028599797516,0.8632657141743927,1.0031028599797516,4.799535215214123
2024-07-26 22:30:00,20.7,19.922721838475127,19.770283138276,0.7772781615248725,0.9297168617239997,0.7772781615248725,0.9297168617239997,4.4913858054299505
2024-07-26 23:00:00,20.6,19.900317348989006,19.800261594804283,0.6996826510109955,0.7997384051957184,0.6996826510109955,0.7997384051957184,3.8822252679403797
2024-07-26 23:30:00,20.4,19.84984578928556,19.73618125161733,0.5501542107144388,0.663818748382667,0.5501542107144388,0.663818748382667,3.254013472464054
2024-07-27 00:00:00,20.2,19.38851236094883,19.16908486475399,0.8114876390511689,1.0309151352460084,0.8114876390511689,1.0309151352460084,5.103540273495091
2024-07-27 00:30:00,20.0,19.40971644941291,19.27851992073974,0.5902835505870883,0.7214800792602603,0.5902835505870883,0.7214800792602603,3.607400396301301
2024-07-27 01:00:00,19.9,19.48208204264421,19.474630655521935,0.4179179573557903,0.42536934447806374,0.4179179573557903,0.42536934447806374,2.137534394362129
2024-07-27 01:30:00,19.9,19.6389687366604,19.593143996578373,0.2610312633395999,0.30685600342162545,0.2610312633395999,0.30685600342162545,1.5419899669428416
2024-07-27 02:00:00,19.9,19.81030420532129,19.677190284632662,0.08969579467870759,0.22280971536733674,0.08969579467870759,0.22280971536733674,1.1196468108911395
2024-07-27 02:30:00,19.9,20.089007411362697,20.03194295636015,-0.18900741136269872,-0.1319429563601524,0.18900741136269872,0.1319429563601524,0.6630299314580523
2024-07-27 03:00:00,20.0,20.365946101101926,20.233510004433683,-0.36594610110192605,-0.23351000443368264,0.36594610110192605,0.23351000443368264,1.1675500221684132
2024-07-27 03:30:00,20.1,20.679901167306337,20.56426344022456,-0.5799011673063355,-0.4642634402245598,0.5799011673063355,0.4642634402245598,2.309768359326168
2024-07-27 04:00:00,20.3,21.007831726505533,20.914492268397584,-0.7078317265055318,-0.6144922683975835,0.7078317265055318,0.6144922683975835,3.027055509347702
2024-07-27 04:30:00,20.5,21.404951578823898,21.322368985859725,-0.9049515788238978,-0.8223689858597254,0.9049515788238978,0.8223689858597254,4.011556028584026
2024-07-27 05:00:00,20.8,21.799300498462884,21.696414805151193,-0.9993004984628833,-0.896414805151192,0.9993004984628833,0.896414805151192,4.309686563226885
2024-07-27 05:30:00,21.0,22.12943757787514,22.08279061779547,-1.1294375778751409,-1.082790617795471,1.1294375778751409,1.082790617795471,5.156145799026052
2024-07-27 06:00:00,21.3,22.547212666394437,22.509062408032143,-1.2472126663944358,-1.2090624080321426,1.2472126663944358,1.2090624080321426,5.676349333484238
2024-07-27 06:30:00,21.6,22.94354406041646,22.927902227692247,-1.343544060416459,-1.3279022276922454,1.343544060416459,1.3279022276922454,6.14769549857521
2024-07-27 07:00:00,22.0,23.32327844136928,23.317595355022444,-1.323278441369279,-1.3175953550224442,1.323278441369279,1.3175953550224442,5.989069795556564
2024-07-27 07:30:00,22.3,23.669104034208786,23.649826934688818,-1.3691040342087852,-1.3498269346888172,1.3691040342087852,1.3498269346888172,6.0530355815642025
2024-07-27 08:00:00,23.5,24.79236552005724,24.850966627505578,-1.2923655200572384,-1.3509666275055778,1.2923655200572384,1.3509666275055778,5.748794159598203
2024-07-27 08:30:00,23.9,25.094939036571166,25.092044906501403,-1.1949390365711672,-1.1920449065014047,1.1949390365711672,1.1920449065014047,4.987635592056087
2024-07-27 09:00:00,24.9,26.113047018403556,26.14832612475231,-1.2130470184035573,-1.2483261247523103,1.2130470184035573,1.2483261247523103,5.01335793073217
2024-07-27 09:30:00,25.2,26.31956332835678,26.32338727365557,-1.1195633283567794,-1.1233872736555703,1.1195633283567794,1.1233872736555703,4.457886006569724
2024-07-27 10:00:00,24.6,25.657785914921103,25.669431595214544,-1.0577859149211015,-1.0694315952145423,1.0577859149211015,1.0694315952145423,4.347282907376188
2024-07-27 10:30:00,24.8,25.754577123282708,25.736802366284884,-0.9545771232827072,-0.9368023662848834,0.9545771232827072,0.9368023662848834,3.7774288963100138
2024-07-27 11:00:00,24.3,25.031767062704926,24.966916985671883,-0.7317670627049253,-0.6669169856718824,0.7317670627049253,0.6669169856718824,2.744514344328734
2024-07-27 11:30:00,24.5,25.076402223973982,25.036479241519682,-0.5764022239739823,-0.5364792415196824,0.5764022239739823,0.5364792415196824,2.1897111898762547
2024-07-27 12:00:00,25.6,25.85106180005881,25.927342431183785,-0.2510618000588103,-0.3273424311837836,0.2510618000588103,0.3273424311837836,1.2786813718116545
2024-07-27 12:30:00,25.7,25.797774828255136,25.866090341687162,-0.09777482825513673,-0.16609034168716263,0.09777482825513673,0.16609034168716263,0.6462659209617224
2024-07-27 13:00:00,26.4,26.391882756521056,26.488914148678134,0.008117243478942271,-0.08891414867813552,0.008117243478942271,0.08891414867813552,0.3367960177202103
2024-07-27 13:30:00,26.4,26.240613505005157,26.27478835707835,0.15938649499484114,0.12521164292164855,0.15938649499484114,0.12521164292164855,0.47428652621836576
2024-07-27 14:00:00,25.4,25.225073581840068,25.135654202009707,0.17492641815993082,0.26434579799029123,0.17492641815993082,0.26434579799029123,1.040731488150753
2024-07-27 14:30:00,25.4,24.9994011499281,24.977443785994776,0.40059885007189777,0.4225562140052226,0.40059885007189777,0.4225562140052226,1.6636071417528449
2024-07-27 15:00:00,24.7,24.04311072896543,23.87182684312883,0.6568892710345686,0.8281731568711699,0.6568892710345686,0.8281731568711699,3.3529277606120242
2024-07-27 15:30:00,24.5,23.74178506616243,23.665522636805854,0.7582149338375714,0.8344773631941464,0.7582149338375714,0.8344773631941464,3.406030053853659
2024-07-27 16:00:00,24.4,23.424504798379647,23.463298053023326,0.9754952016203511,0.9367019469766724,0.9754952016203511,0.9367019469766724,3.8389424056421007
2024-07-27 16:30:00,24.1,23.065061566872885,23.11499025438576,1.0349384331271168,0.9850097456142421,1.0349384331271168,0.9850097456142421,4.0871773676939505
2024-07-27 17:00:00,23.9,22.701378159671382,22.72952333882387,1.1986218403286166,1.170476661176128,1.1986218403286166,1.170476661176128,4.897391887766226
2024-07-27 17:30:00,23.6,22.34117629774696,22.37729728245026,1.2588237022530429,1.2227027175497405,1.2588237022530429,1.2227027175497405,5.180943718431103
2024-07-27 18:00:00,24.2,22.786987793628334,22.84151024836695,1.4130122063716648,1.3584897516330479,1.4130122063716648,1.3584897516330479,5.613594015012595
2024-07-27 18:30:00,23.9,22.430115390533288,22.452756900304635,1.4698846094667104,1.4472430996953634,1.4698846094667104,1.4472430996953634,6.055410458976416
2024-07-27 19:00:00,24.3,22.70057739364602,22.702827018226166,1.5994226063539791,1.5971729817738343,1.5994226063539791,1.5971729817738343,6.572728320056931
2024-07-27 19:30:00,24.0,22.36674749810485,22.402896858344356,1.63325250189515,1.5971031416556443,1.63325250189515,1.5971031416556443,6.654596423565184
2024-07-27 20:00:00,22.7,21.192535077649726,21.165544284004344,1.5074649223502732,1.5344557159956551,1.5074649223502732,1.5344557159956551,6.759716810553547
2024-07-27 20:30:00,22.4,20.936428142789545,20.90590088263506,1.4635718572104537,1.4940991173649394,1.4635718572104537,1.4940991173649394,6.670085345379194
2024-07-27 21:00:00,21.3,20.016313787077085,19.947824950788632,1.283686212922916,1.3521750492113682,1.283686212922916,1.3521750492113682,6.348239667659006
2024-07-27 21:30:00,21.1,19.813401371375505,19.712918743626062,1.2865986286244961,1.3870812563739392,1.2865986286244961,1.3870812563739392,6.5738448169381
2024-07-27 22:00:00,20.8,19.64979169851163,19.58819699620822,1.1502083014883695,1.211803003791779,1.1502083014883695,1.211803003791779,5.8259759797681685
2024-07-27 22:30:00,20.5,19.50695712381767,19.406201082112062,0.9930428761823293,1.0937989178879377,0.9930428761823293,1.0937989178879377,5.335604477502135
2024-07-27 23:00:00,20.3,19.44134631664566,19.343398182700195,0.8586536833543406,0.9566018172998056,0.8586536833543406,0.9566018172998056,4.712324223151752
2024-07-27 23:30:00,20.2,19.428496810175687,19.29981988904646,0.7715031898243119,0.9001801109535386,0.7715031898243119,0.9001801109535386,4.45633718293831
2024-07-28 00:00:00,20.3,20.564239332040717,19.91151917870896,-0.2642393320407166,0.38848082129104,0.2642393320407166,0.38848082129104,1.913698627049458
2024-07-28 00:30:00,20.4,20.668804233266222,20.58591273177992,-0.2688042332662235,-0.18591273177992207,0.2688042332662235,0.18591273177992207,0.9113369204898142
2024-07-28 01:00:00,20.6,20.86189446784544,20.840595185756563,-0.2618944678454369,-0.24059518575656114,0.2618944678454369,0.24059518575656114,1.1679377949347627
2024-07-28 01:30:00,20.8,21.080079916625724,21.07524059409599,-0.2800799166257235,-0.27524059409599033,0.2800799166257235,0.27524059409599033,1.3232720869999535
2024-07-28 02:00:00,21.1,21.307207677206325,21.303576453514697,-0.20720767720632338,-0.203576453514696,0.20720767720632338,0.203576453514696,0.9648173152355259
2024-07-28 02:30:00,21.3,21.64413643420737,21.624562024856615,-0.3441364342073676,-0.3245620248566148,0.3441364342073676,0.3245620248566148,1.5237653749136844
2024-07-28 03:00:00,21.6,21.93871511154156,21.964733373451043,-0.338715111541557,-0.36473337345104184,0.338715111541557,0.36473337345104184,1.6885804326437122
2024-07-28 03:30:00,22.0,22.271180901937395,22.315096892677456,-0.2711809019373952,-0.315096892677456,0.2711809019373952,0.315096892677456,1.4322586030793454
2024-07-28 04:00:00,22.3,22.57808656387209,22.66881685845732,-0.2780865638720904,-0.3688168584573184,0.2780865638720904,0.3688168584573184,1.653887257656136
2024-07-28 04:30:00,22.6,22.933866698326558,22.996964763881653,-0.33386669832655613,-0.3969647638816518,0.33386669832655613,0.3969647638816518,1.7564812561135033
2024-07-28 05:00:00,22.9,23.30693276125042,23.32406425933389,-0.4069327612504203,-0.4240642593338926,0.4069327612504203,0.4240642593338926,1.8518089927244217
2024-07-28 05:30:00,23.3,23.583872899247158,23.58440626919904,-0.2838728992471573,-0.2844062691990388,0.2838728992471573,0.2844062691990388,1.2206277648027415
2024-07-28 06:00:00,23.6,23.909450660869386,23.901006814502086,-0.3094506608693841,-0.30100681450208455,0.3094506608693841,0.30100681450208455,1.2754526038223921
2024-07-28 06:30:00,23.9,24.211128248357703,24.222610161164333,-0.31112824835770425,-0.3226101611643344,0.31112824835770425,0.3226101611643344,1.3498333103110227
2024-07-28 07:00:00,24.2,24.483339732662774,24.48574043150153,-0.2833397326627747,-0.28574043150153017,0.2833397326627747,0.28574043150153017,1.180745584717067
2024-07-28 07:30:00,24.4,24.730925539157383,24.78008650766968,-0.3309255391573842,-0.3800865076696809,0.3309255391573842,0.3800865076696809,1.5577315888101677
2024-07-28 08:00:00,25.6,25.7361671643231,25.79509854483343,-0.13616716432309772,-0.19509854483342792,0.13616716432309772,0.19509854483342792,0.7621036907555778
2024-07-28 08:30:00,25.8,25.902857043119134,25.8704945224244,-0.10285704311913335,-0.07049452242440069,0.10285704311913335,0.07049452242440069,0.27323458304031273
2024-07-28 09:00:00,26.6,26.795638478959678,26.780476551170228,-0.19563847895967612,-0.18047655117022643,0.19563847895967612,0.18047655117022643,0.6784832750760391
2024-07-28 09:30:00,26.7,26.896343975161294,26.791368535553197,-0.19634397516129454,-0.09136853555319746,0.19634397516129454,0.09136853555319746,0.3422042530082302
2024-07-28 10:00:00,25.8,26.0968722112222,25.93785029721692,-0.29687221122219754,-0.137850297216918,0.29687221122219754,0.137850297216918,0.5343034775849534
2024-07-28 10:30:00,25.8,26.05266291209224,26.07272549279693,-0.2526629120922408,-0.2727254927969298,0.2526629120922408,0.2727254927969298,1.0570755534764722
2024-07-28 11:00:00,25.1,25.226834651485607,25.177189175442383,-0.12683465148560558,-0.07718917544238124,0.12683465148560558,0.07718917544238124,0.30752659538797306
2024-07-28 11:30:00,25.0,25.136047059605865,25.049975173483638,-0.13604705960586472,-0.049975173483638,0.13604705960586472,0.049975173483638,0.199900693934552
2024-07-28 12:00:00,25.4,25.78115192024249,25.694985173328103,-0.3811519202424911,-0.29498517332810437,0.3811519202424911,0.29498517332810437,1.1613589501106472
2024-07-28 12:30:00,25.2,25.631802351622817,25.55775349721217,-0.4318023516228173,-0.357753497212169,0.4318023516228173,0.357753497212169,1.4196567349689246
2024-07-28 13:00:00,26.0,26.153419389198238,26.1250430669586,-0.1534193891982376,-0.12504306695860024,0.1534193891982376,0.12504306695860024,0.4809348729176932
2024-07-28 13:30:00,25.8,25.934163857910338,25.94016700117618,-0.13416385791033747,-0.14016700117618086,0.13416385791033747,0.14016700117618086,0.5432829502952746
2024-07-28 14:00:00,25.0,24.90466851435593,24.784897011443885,0.09533148564407057,0.2151029885561151,0.09533148564407057,0.2151029885561151,0.8604119542244604
2024-07-28 14:30:00,24.7,24.630477467783933,24.51537810475493,0.06952253221606597,0.1846218952450691,0.06952253221606597,0.1846218952450691,0.7474570657695105
2024-07-28 15:00:00,23.4,23.625537431897342,23.49943650430602,-0.22553743189734377,-0.09943650430601991,0.22553743189734377,0.09943650430601991,0.4249423260941022
2024-07-28 15:30:00,23.1,23.33283963347543,23.26124126012195,-0.2328396334754288,-0.1612412601219475,0.2328396334754288,0.1612412601219475,0.6980141130820238
2024-07-28 16:00:00,22.8,23.027588373837986,22.913516259608784,-0.22758837383798536,-0.11351625960878309,0.22758837383798536,0.11351625960878309,0.49787833161746964
2024-07-28 16:30:00,22.4,22.695216827656246,22.628692627514816,-0.29521682765624746,-0.22869262751481756,0.29521682765624746,0.22869262751481756,1.020949229976864
2024-07-28 17:00:00,22.1,22.408275784614116,22.3697439261401,-0.3082757846141142,-0.269743926140098,0.3082757846141142,0.269743926140098,1.2205607517651493
2024-07-28 17:30:00,21.8,22.09523753833883,22.05055544909947,-0.29523753833882793,-0.25055544909946903,0.29523753833882793,0.25055544909946903,1.1493369224746286
2024-07-28 18:00:00,22.4,22.64746702052466,22.58386912531964,-0.24746702052466318,-0.18386912531964228,0.24746702052466318,0.18386912531964228,0.8208443094626887
2024-07-28 18:30:00,22.1,22.346764118100538,22.218024477983846,-0.24676411810053622,-0.11802447798384463,0.24676411810053622,0.11802447798384463,0.5340474116916046
2024-07-28 19:00:00,22.8,22.755127065810413,22.648595930072517,0.04487293418958771,0.15140406992748368,0.04487293418958771,0.15140406992748368,0.6640529382784371
2024-07-28 19:30:00,22.6,22.53947432881567,22.42590912973854,0.06052567118433316,0.17409087026146253,0.06052567118433316,0.17409087026146253,0.7703135852277103
2024-07-28 20:00:00,21.4,21.480082637288266,21.309143087484532,-0.08008263728826748,0.09085691251546635,0.08008263728826748,0.09085691251546635,0.42456501175451566
2024-07-28 20:30:00,21.3,21.339402281604002,21.30520486544747,-0.03940228160400139,-0.005204865447471008,0.03940228160400139,0.005204865447471008,0.02443598801629581
2024-07-28 21:00:00,20.2,20.556508217317273,20.537620548469235,-0.35650821731727333,-0.3376205484692356,0.35650821731727333,0.3376205484692356,1.6713888538080972
2024-07-28 21:30:00,20.1,20.468146854375565,20.481413588223123,-0.3681468543755635,-0.381413588223122,0.3681468543755635,0.381413588223122,1.8975800409110546
2024-07-28 22:00:00,20.1,20.441502341858573,20.46449407734675,-0.34150234185857187,-0.3644940773467482,0.34150234185857187,0.3644940773467482,1.8134033698843193
2024-07-28 22:30:00,20.1,20.430633263061218,20.383626462290458,-0.3306332630612161,-0.2836264622904565,0.3306332630612161,0.2836264622904565,1.4110769268181915
2024-07-28 23:00:00,20.2,20.50237163076214,20.495477828327935,-0.302371630762142,-0.295477828327936,0.302371630762142,0.295477828327936,1.4627615263759208
2024-07-28 23:30:00,20.3,20.560906945226225,20.51836950561169,-0.2609069452262247,-0.21836950561169033,0.2609069452262247,0.21836950561169033,1.0757118503038932
2024-07-29 00:00:00,20.9,21.10374907789059,21.302994113538936,-0.20374907789059193,-0.4029941135389379,0.20374907789059193,0.4029941135389379,1.9282015001863058
2024-07-29 00:30:00,21.1,21.23554311504094,21.271650681248587,-0.13554311504093874,-0.17165068124858607,0.13554311504093874,0.17165068124858607,0.8135103376710239
2024-07-29 01:00:00,21.4,21.433613463406548,21.513952172462925,-0.03361346340654947,-0.11395217246292688,0.03361346340654947,0.11395217246292688,0.5324867872099387
2024-07-29 01:30:00,21.7,21.650394808228352,21.715182389791348,0.04960519177164713,-0.015182389791348783,0.04960519177164713,0.015182389791348783,0.06996492991404969
2024-07-29 02:00:00,22.0,21.88039857185223,21.94925137645342,0.11960142814777086,0.050748623546578386,0.11960142814777086,0.050748623546578386,0.2306755615753563
2024-07-29 02:30:00,22.3,22.19920200597414,22.299657595566597,0.10079799402586076,0.0003424044334039422,0.10079799402586076,0.0003424044334039422,0.0015354458897037767
2024-07-29 03:00:00,22.7,22.465594044687066,22.540979652466092,0.2344059553129334,0.15902034753390737,0.2344059553129334,0.15902034753390737,0.7005301653476096
2024-07-29 03:30:00,23.0,22.755345131376277,22.821360449412357,0.24465486862372288,0.17863955058764347,0.24465486862372288,0.17863955058764347,0.7766936982071455
2024-07-29 04:00:00,23.3,23.03738287990999,23.15114003574562,0.2626171200900096,0.14885996425438108,0.2626171200900096,0.14885996425438108,0.6388839667570003
2024-07-29 04:30:00,23.6,23.353649900257324,23.408687551468347,0.24635009974267774,0.1913124485316544,0.24635009974267774,0.1913124485316544,0.8106459683544678
2024-07-29 05:00:00,23.9,23.657920579001384,23.72043337164827,0.24207942099861413,0.1795666283517292,0.24207942099861413,0.1795666283517292,0.7513248048189507
2024-07-29 05:30:00,24.2,23.890112882832025,23.919201670566533,0.3098871171679747,0.28079832943346617,0.3098871171679747,0.28079832943346617,1.1603236753449016
2024-07-29 06:00:00,24.5,24.166397018974504,24.192327187081656,0.33360298102549635,0.30767281291834436,0.33360298102549635,0.30767281291834436,1.2558073996667116
2024-07-29 06:30:00,24.7,24.41280287767808,24.444352256907624,0.2871971223219205,0.2556477430923749,0.2871971223219205,0.2556477430923749,1.0350111056371454
2024-07-29 07:00:00,24.9,24.622094043325728,24.610865303110426,0.277905956674271,0.2891346968895725,0.277905956674271,0.2891346968895725,1.1611835216448696
2024-07-29 07:30:00,25.0,24.780831977037593,24.78494015267293,0.2191680229624069,0.21505984732706906,0.2191680229624069,0.21505984732706906,0.8602393893082763
2024-07-29 08:00:00,25.7,25.70407215420218,25.650352283456044,-0.004072154202180656,0.049647716543955056,0.004072154202180656,0.049647716543955056,0.1931817764356228
2024-07-29 08:30:00,25.7,25.810154774326374,25.787239960494926,-0.1101547743263751,-0.08723996049492655,0.1101547743263751,0.08723996049492655,0.33945509920204886
2024-07-29 09:00:00,26.6,26.68174013368142,26.710168386467817,-0.08174013368141786,-0.1101683864678158,0.08174013368141786,0.1101683864678158,0.4141668664203601
2024-07-29 09:30:00,26.6,26.693417956306263,26.58802506066732,-0.09341795630626137,0.011974939332681345,0.09341795630626137,0.011974939332681345,0.04501856891985468
2024-07-29 10:00:00,26.0,25.871426372677586,25.749950705916188,0.12857362732241384,0.25004929408381216,0.12857362732241384,0.25004929408381216,0.9617280541685083
2024-07-29 10:30:00,25.9,25.80765038124615,25.780525303924026,0.09234961875384684,0.11947469607597228,0.09234961875384684,0.11947469607597228,0.46129226284159186
2024-07-29 11:00:00,24.8,24.914854962106247,24.85684948759844,-0.11485496210624646,-0.056849487598437776,0.11485496210624646,0.056849487598437776,0.22923180483241037
2024-07-29 11:30:00,24.6,24.812666454302615,24.820949684778697,-0.21266645430261377,-0.22094968477869514,0.21266645430261377,0.22094968477869514,0.8981694503198989
2024-07-29 12:00:00,25.1,25.45401192313194,25.433947751728294,-0.35401192313193874,-0.3339477517282923,0.35401192313193874,0.3339477517282923,1.3304691303916028
2024-07-29 12:30:00,24.9,25.280639657182082,25.216447660130843,-0.38063965718208337,-0.31644766013084435,0.38063965718208337,0.31644766013084435,1.2708741370716643
2024-07-29 13:00:00,25.1,25.77368746219858,25.682261559057082,-0.6736874621985791,-0.5822615590570805,0.6736874621985791,0.5822615590570805,2.3197671675580898
2024-07-29 13:30:00,24.8,25.542455403291907,25.454825109028544,-0.7424554032919062,-0.6548251090285433,0.7424554032919062,0.6548251090285433,2.6404238267279974
2024-07-29 14:00:00,23.8,24.534740427499123,24.351225236420937,-0.7347404274991227,-0.5512252364209367,0.7347404274991227,0.5512252364209367,2.316072421936709
2024-07-29 14:30:00,23.4,24.287957205459723,24.075551270529875,-0.887957205459724,-0.6755512705298763,0.887957205459724,0.6755512705298763,2.886971241580668
2024-07-29 15:00:00,22.6,23.35231772354283,23.16590138068833,-0.7523177235428271,-0.5659013806883273,0.7523177235428271,0.5659013806883273,2.503988410125342
2024-07-29 15:30:00,22.3,23.084822554871906,22.94671740083443,-0.784822554871905,-0.6467174008344294,0.784822554871905,0.6467174008344294,2.9000780306476655
2024-07-29 16:00:00,21.9,22.821240481458755,22.6922159460412,-0.9212404814587565,-0.7922159460411997,0.9212404814587565,0.7922159460411997,3.617424411147031
2024-07-29 16:30:00,21.6,22.535173404464697,22.44643333132026,-0.9351734044646953,-0.8464333313202594,0.9351734044646953,0.8464333313202594,3.918672830186386
2024-07-29 17:00:00,21.3,22.28016214481125,22.11649170926342,-0.9801621448112492,-0.8164917092634205,0.9801621448112492,0.8164917092634205,3.8332944096874204
2024-07-29 17:30:00,21.1,22.036676719281314,21.90471540341103,-0.9366767192813121,-0.8047154034110271,0.9366767192813121,0.8047154034110271,3.8138170777773794
2024-07-29 18:00:00,21.8,22.6415012891633,22.55747084722347,-0.8415012891633005,-0.7574708472234697,0.8415012891633005,0.7574708472234697,3.4746369138691264
2024-07-29 18:30:00,21.6,22.408642596534822,22.29468917005453,-0.8086425965348205,-0.6946891700545272,0.8086425965348205,0.6946891700545272,3.2161535650672555
2024-07-29 19:00:00,22.1,22.854807643813476,22.755798480135784,-0.754807643813475,-0.6557984801357826,0.754807643813475,0.6557984801357826,2.9674139372659845
2024-07-29 19:30:00,22.0,22.689157253198385,22.594483112983465,-0.6891572531983847,-0.5944831129834647,0.6891572531983847,0.5944831129834647,2.7021959681066576
2024-07-29 20:00:00,21.0,21.704147268942158,21.632169146946232,-0.7041472689421582,-0.6321691469462323,0.7041472689421582,0.6321691469462323,3.0103292711725347
2024-07-29 20:30:00,20.9,21.60582743335072,21.5691953648955,-0.70582743335072,-0.6691953648955007,0.70582743335072,0.6691953648955007,3.201891698064597
2024-07-29 21:00:00,20.2,20.862332459988295,20.859877408698424,-0.6623324599882956,-0.6598774086984243,0.6623324599882956,0.6598774086984243,3.2667198450417043
2024-07-29 21:30:00,20.3,20.85028581729527,20.889339492082552,-0.5502858172952685,-0.5893394920825514,0.5502858172952685,0.5893394920825514,2.903150207303209
2024-07-29 22:00:00,20.4,20.862398278844445,20.922315807026713,-0.4623982788444465,-0.5223158070267147,0.4623982788444465,0.5223158070267147,2.560371603072131
2024-07-29 22:30:00,20.5,20.893771648760257,20.958417058344303,-0.39377164876025716,-0.4584170583443026,0.39377164876025716,0.4584170583443026,2.236180772411232
2024-07-29 23:00:00,20.7,20.985294372448685,21.027125511923792,-0.2852943724486856,-0.3271255119237928,0.2852943724486856,0.3271255119237928,1.5803164827236367
2024-07-29 23:30:00,20.9,21.066840168857432,21.125143975788212,-0.16684016885743347,-0.22514397578821388,0.16684016885743347,0.22514397578821388,1.0772439032928893
2024-07-30 00:00:00,18.8,18.277873946576264,18.575907273440507,0.5221260534237366,0.22409272655949408,0.5221260534237366,0.22409272655949408,1.1919825880824153
2024-07-30 00:30:00,18.9,18.36773307388957,18.39848043909605,0.5322669261104274,0.5015195609039473,0.5322669261104274,0.5015195609039473,2.653542650285436
2024-07-30 01:00:00,19.0,18.54805657064031,18.580597633323176,0.4519434293596909,0.41940236667682385,0.4519434293596909,0.41940236667682385,2.2073808772464414
2024-07-30 01:30:00,19.1,18.742288756637322,18.780394196032034,0.35771124336267945,0.319605803967967,0.35771124336267945,0.319605803967967,1.6733288165862146
2024-07-30 02:00:00,19.3,18.961106918129406,19.02623933491417,0.3388930818705944,0.2737606650858311,0.3388930818705944,0.2737606650858311,1.4184490418954978
2024-07-30 02:30:00,19.5,19.172329347780693,19.27359487508868,0.32767065221930736,0.22640512491132014,0.32767065221930736,0.22640512491132014,1.1610519226221547
2024-07-30 03:00:00,19.8,19.31640423338019,19.387213664754263,0.4835957666198105,0.4127863352457375,0.4835957666198105,0.4127863352457375,2.0847794709380683
2024-07-30 03:30:00,20.1,19.49594380710562,19.56867102537592,0.6040561928943831,0.5313289746240812,0.6040561928943831,0.5313289746240812,2.643427734448165
2024-07-30 04:00:00,20.4,19.678597803234126,19.77122438233998,0.7214021967658724,0.6287756176600183,0.7214021967658724,0.6287756176600183,3.082233419902051
2024-07-30 04:30:00,20.7,19.900108529708834,19.978617726347895,0.7998914702911648,0.7213822736521038,0.7998914702911648,0.7213822736521038,3.4849385200584724
2024-07-30 05:00:00,21.0,20.140705548074248,20.212202682938578,0.8592944519257522,0.7877973170614219,0.8592944519257522,0.7877973170614219,3.7514157955305807
2024-07-30 05:30:00,21.3,20.332371519095982,20.35333843823501,0.9676284809040183,0.9466615617649907,0.9676284809040183,0.9466615617649907,4.444420477769909
2024-07-30 06:00:00,21.7,20.566408314956814,20.659268112136512,1.1335916850431857,1.0407318878634868,1.1335916850431857,1.0407318878634868,4.795999483241875
2024-07-30 06:30:00,22.0,20.81816673088234,20.844371907369904,1.1818332691176607,1.1556280926300957,1.1818332691176607,1.1556280926300957,5.252854966500435
2024-07-30 07:00:00,22.3,21.033210855254662,21.041454372273517,1.2667891447453385,1.258545627726484,1.2667891447453385,1.258545627726484,5.643702366486475
2024-07-30 07:30:00,22.6,21.247276169658797,21.2534441695932,1.3527238303412048,1.3465558304067997,1.3527238303412048,1.3465558304067997,5.95821163896814
2024-07-30 08:00:00,23.9,22.196628055910754,22.127191245000052,1.7033719440892447,1.7728087549999465,1.7033719440892447,1.7728087549999465,7.417609853556262
2024-07-30 08:30:00,24.1,22.379903499908433,22.353866432733522,1.720096500091568,1.7461335672664795,1.720096500091568,1.7461335672664795,7.245367499031034
2024-07-30 09:00:00,24.8,23.27612425742673,23.20186206309127,1.5238757425732707,1.5981379369087314,1.5238757425732707,1.5981379369087314,6.4441045843094
2024-07-30 09:30:00,25.0,23.408963584908342,23.386467679970956,1.5910364150916578,1.6135323200290443,1.5910364150916578,1.6135323200290443,6.454129280116177
2024-07-30 10:00:00,24.2,22.749043604650673,22.733814521053013,1.4509563953493263,1.4661854789469864,1.4509563953493263,1.4661854789469864,6.0586176815991175
2024-07-30 10:30:00,24.3,22.81134476921105,22.76136709040546,1.4886552307889502,1.53863290959454,1.4886552307889502,1.53863290959454,6.331822673228558
2024-07-30 11:00:00,23.8,22.127579226486016,22.040114744893838,1.6724207735139842,1.7598852551061626,1.6724207735139842,1.7598852551061626,7.394475861790599
2024-07-30 11:30:00,23.8,22.184367694540583,22.135419265015685,1.6156323054594175,1.664580734984316,1.6156323054594175,1.664580734984316,6.994036701614773
2024-07-30 12:00:00,24.8,22.932461349631964,22.980283471162736,1.8675386503680365,1.8197165288372652,1.8675386503680365,1.8197165288372652,7.33756664853736
2024-07-30 12:30:00,24.7,22.931256182931193,22.917961921982297,1.7687438170688061,1.7820380780177025,1.7687438170688061,1.7820380780177025,7.214729060800415
2024-07-30 13:00:00,25.1,23.534467480536797,23.524777720142403,1.5655325194632042,1.5752222798575986,1.5655325194632042,1.5752222798575986,6.275785975528281
2024-07-30 13:30:00,24.9,23.473720859433634,23.509585674549562,1.4262791405663648,1.3904143254504362,1.4262791405663648,1.3904143254504362,5.583993274901351
2024-07-30 14:00:00,23.7,22.62980554626032,22.68612111360475,1.0701944537396777,1.0138788863952506,1.0701944537396777,1.0138788863952506,4.277969984790087
2024-07-30 14:30:00,23.5,22.539364112116623,22.54971503796451,0.9606358878833774,0.9502849620354894,0.9606358878833774,0.9502849620354894,4.0437657958957
2024-07-30 15:00:00,22.7,21.75772434825049,21.798120558056695,0.9422756517495081,0.9018794419433043,0.9422756517495081,0.9018794419433043,3.973037189177552
2024-07-30 15:30:00,22.4,21.56429605941989,21.554385569056052,0.8357039405801103,0.8456144309439466,0.8357039405801103,0.8456144309439466,3.7750644238569047
2024-07-30 16:00:00,22.1,21.229137294728538,21.22079548219987,0.8708627052714633,0.8792045178001331,0.8708627052714633,0.8792045178001331,3.978300985520964
2024-07-30 16:30:00,21.8,20.89240545183094,20.842408967759923,0.9075945481690617,0.957591032240078,0.9075945481690617,0.957591032240078,4.392619413945312
2024-07-30 17:00:00,21.4,20.54944627414353,20.537824423600807,0.8505537258564679,0.8621755763991921,0.8505537258564679,0.8621755763991921,4.0288578336410845
2024-07-30 17:30:00,21.1,20.23592825869715,20.272046799610017,0.8640717413028511,0.8279532003899845,0.8640717413028511,0.8279532003899845,3.9239488170141446
2024-07-30 18:00:00,21.5,20.725677715277346,20.779266463255556,0.7743222847226541,0.7207335367444436,0.7743222847226541,0.7207335367444436,3.352249008113691
2024-07-30 18:30:00,21.2,20.399104819718154,20.423905774104746,0.8008951802818451,0.7760942258952532,0.8008951802818451,0.7760942258952532,3.660821820260628
2024-07-30 19:00:00,21.5,20.739300736098205,20.754665215371762,0.7606992639017953,0.7453347846282377,0.7606992639017953,0.7453347846282377,3.4666734168755236
2024-07-30 19:30:00,21.2,20.484042585759862,20.55499299701999,0.7159574142401368,0.6450070029800088,0.7159574142401368,0.6450070029800088,3.0424858631132494
2024-07-30 20:00:00,20.2,19.399996757164192,19.525551318779183,0.8000032428358068,0.6744486812208166,0.8000032428358068,0.6744486812208166,3.3388548575287955
2024-07-30 20:30:00,20.0,19.21855573470205,19.293778942175805,0.7814442652979494,0.7062210578241945,0.7814442652979494,0.7062210578241945,3.5311052891209727
2024-07-30 21:00:00,19.2,18.387321910347517,18.568615904535825,0.8126780896524828,0.6313840954641741,0.8126780896524828,0.6313840954641741,3.2884588305425733
2024-07-30 21:30:00,19.0,18.28379444355749,18.34895903194927,0.7162055564425103,0.6510409680507294,0.7162055564425103,0.6510409680507294,3.4265314107933125
2024-07-30 22:00:00,18.9,18.20759955761871,18.25427645040593,0.6924004423812882,0.6457235495940701,0.6924004423812882,0.6457235495940701,3.416526717428942
2024-07-30 22:30:00,18.8,18.156844616867364,18.140737644396484,0.6431553831326369,0.6592623556035164,0.6431553831326369,0.6592623556035164,3.506714657465513
2024-07-30 23:00:00,18.8,18.20550963643519,18.169367071125187,0.5944903635648124,0.6306329288748138,0.5944903635648124,0.6306329288748138,3.3544304727383714
2024-07-30 23:30:00,18.8,18.233843334128462,18.358179487397276,0.5661566658715387,0.4418205126027246,0.5661566658715387,0.4418205126027246,2.3501091095889604
2024-07-31 00:00:00,19.5,19.143000211941462,19.16392787583397,0.3569997880585376,0.33607212416603005,0.3569997880585376,0.33607212416603005,1.723446790595026
2024-07-31 00:30:00,19.5,19.235283538191943,19.151119559496074,0.26471646180805664,0.3488804405039261,0.26471646180805664,0.3488804405039261,1.7891304641226977
2024-07-31 01:00:00,19.5,19.354218461061578,19.27700849666701,0.14578153893842227,0.22299150333299167,0.14578153893842227,0.22299150333299167,1.1435461709384187
2024-07-31 01:30:00,19.6,19.53720112598797,19.52085824205836,0.06279887401203155,0.0791417579416418,0.06279887401203155,0.0791417579416418,0.4037844792940908
2024-07-31 02:00:00,19.7,19.74223627692926,19.696996835832476,-0.04223627692925902,0.0030031641675236642,0.04223627692925902,0.0030031641675236642,0.015244488160018601
2024-07-31 02:30:00,19.9,20.05322806367406,20.02367123046645,-0.15322806367406017,-0.1236712304664529,0.15322806367406017,0.1236712304664529,0.6214634696806678
2024-07-31 03:00:00,20.1,20.359769321498494,20.359820244721664,-0.2597693214984922,-0.2598202447216629,0.2597693214984922,0.2598202447216629,1.2926380334411087
2024-07-31 03:30:00,20.3,20.69493671584704,20.687134568428778,-0.39493671584703804,-0.38713456842877747,0.39493671584703804,0.38713456842877747,1.907066839550628
2024-07-31 04:00:00,20.6,21.052027149846367,21.050996733502075,-0.4520271498463657,-0.45099673350207325,0.4520271498463657,0.45099673350207325,2.189304531563462
2024-07-31 04:30:00,20.9,21.426830091942083,21.406750596556794,-0.5268300919420845,-0.5067505965567953,0.5268300919420845,0.5067505965567953,2.4246440026640927
2024-07-31 05:00:00,21.2,21.823547774842865,21.834534002385027,-0.6235477748428657,-0.6345340023850277,0.6235477748428657,0.6345340023850277,2.993084916910508
2024-07-31 05:30:00,21.5,22.157608995661654,22.18062418930284,-0.6576089956616542,-0.68062418930284,0.6576089956616542,0.68062418930284,3.1656939037341396
2024-07-31 06:00:00,21.9,22.529990530625703,22.57635064335239,-0.6299905306257045,-0.6763506433523929,0.6299905306257045,0.6763506433523929,3.0883591020657213
2024-07-31 06:30:00,22.2,22.875748366388724,22.89790520844166,-0.6757483663887243,-0.6979052084416608,0.6757483663887243,0.6979052084416608,3.143717155142616
2024-07-31 07:00:00,22.5,23.20733957012983,23.252456743473726,-0.7073395701298288,-0.7524567434737257,0.7073395701298288,0.7524567434737257,3.3442521932165583
2024-07-31 07:30:00,22.8,23.505398469737116,23.51438129576141,-0.7053984697371156,-0.7143812957614095,0.7053984697371156,0.7143812957614095,3.133251297199165
2024-07-31 08:00:00,24.0,24.572153571986192,24.65524322166347,-0.5721535719861919,-0.6552432216634685,0.5721535719861919,0.6552432216634685,2.7301800902644517
2024-07-31 08:30:00,24.3,24.834562687080165,24.87423123965766,-0.5345626870801645,-0.5742312396576601,0.5345626870801645,0.5742312396576601,2.3630915212249386
2024-07-31 09:00:00,25.2,25.792474550026363,25.848095984029477,-0.5924745500263633,-0.648095984029478,0.5924745500263633,0.648095984029478,2.571809460434437
2024-07-31 09:30:00,25.4,25.93737038361176,26.00865857439383,-0.537370383611762,-0.6086585743938322,0.537370383611762,0.6086585743938322,2.3962935999757176
2024-07-31 10:00:00,24.8,25.228621505867174,25.29042437366717,-0.4286215058671736,-0.49042437366717095,0.4286215058671736,0.49042437366717095,1.9775176357547215
2024-07-31 10:30:00,24.9,25.254910155882307,25.30057873552031,-0.35491015588230823,-0.40057873552031253,0.35491015588230823,0.40057873552031253,1.6087499418486448
2024-07-31 11:00:00,24.4,24.484074440566747,24.519793343512266,-0.08407444056674862,-0.11979334351226711,0.08407444056674862,0.11979334351226711,0.4909563258699472
2024-07-31 11:30:00,24.4,24.44896725648708,24.523623295963475,-0.048967256487081556,-0.12362329596347621,0.048967256487081556,0.12362329596347621,0.5066528523093288
2024-07-31 12:00:00,25.2,25.148020708087206,25.171276054430127,0.05197929191279371,0.028723945569872456,0.05197929191279371,0.028723945569872456,0.11398391099155737
2024-07-31 12:30:00,25.2,25.04440715691463,25.064538404032746,0.15559284308536903,0.1354615959672536,0.15559284308536903,0.1354615959672536,0.5375460157430699
2024-07-31 13:00:00,25.8,25.567741598683888,25.65529111375242,0.23225840131611264,0.1447088862475816,0.23225840131611264,0.1447088862475816,0.5608871559983784
2024-07-31 13:30:00,25.7,25.373628190880645,25.50692615581118,0.3263718091193546,0.19307384418882023,0.3263718091193546,0.19307384418882023,0.7512600941199231
2024-07-31 14:00:00,24.8,24.334479349564177,24.40469666839705,0.465520650435824,0.3953033316029497,0.465520650435824,0.3953033316029497,1.5939650467860875
2024-07-31 14:30:00,24.6,24.08071490534073,24.09801338211125,0.5192850946592706,0.5019866178887504,0.5192850946592706,0.5019866178887504,2.0405960076778475
2024-07-31 15:00:00,23.7,23.09820826451782,23.0586277703524,0.6017917354821805,0.641372229647601,0.6017917354821805,0.641372229647601,2.7062119394413546
2024-07-31 15:30:00,23.5,22.774179932077608,22.834600299944363,0.7258200679223918,0.6653997000556373,0.7258200679223918,0.6653997000556373,2.8314880853431377
2024-07-31 16:00:00,23.2,22.46273960579831,22.514771592213695,0.7372603942016909,0.6852284077863047,0.7372603942016909,0.6852284077863047,2.9535707232168305
2024-07-31 16:30:00,22.9,22.100038138296373,22.11481343403823,0.7999618617036255,0.7851865659617694,0.7999618617036255,0.7851865659617694,3.428762296776286
2024-07-31 17:00:00,22.6,21.758053453764628,21.81249720056982,0.8419465462353735,0.7875027994301824,0.8419465462353735,0.7875027994301824,3.484525661195497
2024-07-31 17:30:00,22.3,21.400312485840445,21.392965717908268,0.899687514159556,0.9070342820917325,0.899687514159556,0.9070342820917325,4.067418305344092
2024-07-31 18:00:00,22.9,21.88628106290391,21.899790785330445,1.0137189370960868,1.0002092146695531,1.0137189370960868,1.0002092146695531,4.367725828251324
2024-07-31 18:30:00,22.6,21.544403732706897,21.52107610269367,1.0555962672931045,1.078923897306332,1.0555962672931045,1.078923897306332,4.773999545603239
2024-07-31 19:00:00,23.1,21.8850696133078,21.896546536088074,1.2149303866922025,1.2034534639119272,1.2149303866922025,1.2034534639119272,5.209755255029988
2024-07-31 19:30:00,22.8,21.58529132912529,21.558700484508996,1.2147086708747104,1.2412995154910043,1.2147086708747104,1.2412995154910043,5.44429612057458
2024-07-31 20:00:00,21.5,20.46010493294206,20.36768886254039,1.039895067057941,1.1323111374596095,1.039895067057941,1.1323111374596095,5.2665634300446955
2024-07-31 20:30:00,21.2,20.2270571417818,20.199333618924967,0.9729428582182003,1.0006663810750318,0.9729428582182003,1.0006663810750318,4.720124439033169
2024-07-31 21:00:00,20.1,19.37419429549951,19.348510009590573,0.7258057045004911,0.7514899904094285,0.7258057045004911,0.7514899904094285,3.738756171191186
2024-07-31 21:30:00,19.9,19.236320245466498,19.210665536499885,0.6636797545335007,0.6893344635001135,0.6636797545335007,0.6893344635001135,3.463992278895043
2024-07-31 22:00:00,19.8,19.1404499210851,19.09498148266838,0.6595500789149007,0.7050185173316201,0.6595500789149007,0.7050185173316201,3.56069958248293
2024-07-31 22:30:00,19.6,19.069410237278753,19.016507866587453,0.5305897627212488,0.5834921334125482,0.5305897627212488,0.5834921334125482,2.9770006806762663
2024-07-31 23:00:00,19.5,19.070228039955403,19.05613561320832,0.4297719600445973,0.44386438679168094,0.4297719600445973,0.44386438679168094,2.276227624572723
2024-07-31 23:30:00,19.5,19.08003367422911,19.06409917897376,0.4199663257708899,0.43590082102624095,0.4199663257708899,0.43590082102624095,2.235388825775595
